{
    "eval_loss": 0.4227050542831421,
    "eval_matthews_correlation": 0.5387376669923544,
    "eval_runtime": 7.4143,
    "eval_samples": 1043,
    "eval_samples_per_second": 140.674,
    "eval_steps_per_second": 8.902
}